[
	{
	    "name":"Hotel 1",
	    "address":"92 Walt Whitman Ave",
	    "desc":"Very good business hotel. Close to Starbucks. Good for sightseeing and located near shopping areas. Awesome vibe",
	    "price":"$176/night",
	    "picture":"https://www.omnihotels.com/-/media/images/hotels/pvddtn/digex/hero/pvddtn-2880x1870.jpg"
	},
	{
	    "name":"Hotel 2",
	    "address":"9460 Glendale St",
	    "desc":"Excellent luxury hotel. Close to Chinatown. Fantastic service. Great location.",
	    "price":"$231/night",
	    "picture":"http://ihg.scene7.com/is/image/ihg/holiday-inn-hotel-and-suites-oakland-2533422671-4x3"
	},
	{
	    "name":"Hotel 3",
	    "address":"25 W. Glen Creek Lane",
	    "desc":"Very good hotel for solo travelers. Good for sightseeing and close to the city center. Fantastic service. Awesome vibe.",
	    "price":"$121",
	    "picture":"https://cache.marriott.com/marriottassets/marriott/HNLWI/hnlwi-cochere-1995-hor-wide.jpg?interpolation=progressive-bilinear&downsize=1440px:*"
	}
]